Title,Album,Artist,Duration (ms),Rating,Play Count,Removed,Playlist Index
"100 Years","Playlist: The Very Best Of Five For Fighting","Five for Fighting","244000","5","61","","306"
Title,Album,Artist,Duration (ms),Rating,Play Count,Removed,Playlist Index
"2 Me (feat. Kiddo AI &amp; Nick Smith)","2 Me","SMLE","253000","5","74","","147"
Title,Album,Artist,Duration (ms),Rating,Play Count,Removed,Playlist Index
"A Sadness Runs Through Him","The Trick To Life","The Hoosiers","192000","5","147","","161"
Title,Album,Artist,Duration (ms),Rating,Play Count,Removed,Playlist Index
"Addicted To You","True","Avicii","148000","5","52","","116"
Title,Album,Artist,Duration (ms),Rating,Play Count,Removed,Playlist Index
"Africa","Toto IV","Toto","295000","5","66","","205"
Title,Album,Artist,Duration (ms),Rating,Play Count,Removed,Playlist Index
"Again","Again","Kehlani","220000","5","66","","148"
Title,Album,Artist,Duration (ms),Rating,Play Count,Removed,Playlist Index
"All Night Long (All Night) (Single Version)","The Definitive Collection","Lionel Richie","260000","5","73","","301"
Title,Album,Artist,Duration (ms),Rating,Play Count,Removed,Playlist Index
"Annie","City of Black &amp; White","Mat Kearney","228000","5","39","","360"
Title,Album,Artist,Duration (ms),Rating,Play Count,Removed,Playlist Index
"Another Love","Long Way Down","Tom Odell","244000","5","82","","8"
Title,Album,Artist,Duration (ms),Rating,Play Count,Removed,Playlist Index
"Another Me","Symphony Soldier","The Cab","203000","5","71","","252"
Title,Album,Artist,Duration (ms),Rating,Play Count,Removed,Playlist Index
"Anyone out There","Anyone out There","Stan SB","292000","5","66","","244"
Title,Album,Artist,Duration (ms),Rating,Play Count,Removed,Playlist Index
"Are You Sure? (feat. Ty Dolla $ign)","Are You Sure? (feat. Ty Dolla $ign)","Conor Maynard","194000","5","94","","200"
Title,Album,Artist,Duration (ms),Rating,Play Count,Removed,Playlist Index
"Artifice","Tremors","SOHN","197000","5","216","","215"
Title,Album,Artist,Duration (ms),Rating,Play Count,Removed,Playlist Index
"Attention","Weird Kids","We Are The In Crowd","202000","5","75","","243"
Title,Album,Artist,Duration (ms),Rating,Play Count,Removed,Playlist Index
"Baby I Need Your Loving","Four Tops","Four Tops","166000","5","19","","41"
Title,Album,Artist,Duration (ms),Rating,Play Count,Removed,Playlist Index
"Be Right Here (feat. GOLDN)","Be Right Here","Kungs","191000","5","50","","126"
Title,Album,Artist,Duration (ms),Rating,Play Count,Removed,Playlist Index
"Beat Of My Heart (feat. Love Harder)","Alive And Feeling Fine","Lost Frequencies","183000","5","13","","4"
Title,Album,Artist,Duration (ms),Rating,Play Count,Removed,Playlist Index
"Before I Ever Met You","Goddess (Deluxe)","BANKS","267000","5","109","","212"
Title,Album,Artist,Duration (ms),Rating,Play Count,Removed,Playlist Index
"Best I Ever Had (Grey Sky Morning)","Everything You Want","Vertical Horizon","270000","5","52","","271"
Title,Album,Artist,Duration (ms),Rating,Play Count,Removed,Playlist Index
"Best of Me","Best of Me","Corey Harper","185000","5","112","","73"
Title,Album,Artist,Duration (ms),Rating,Play Count,Removed,Playlist Index
"Better (Radio Edit) (feat. Justin Stein)","Better (Radio Edit)","Attom","180000","5","103","","207"
Title,Album,Artist,Duration (ms),Rating,Play Count,Removed,Playlist Index
"Better Now","beerbongs &amp; bentleys","Post Malone","231000","5","82","","128"
Title,Album,Artist,Duration (ms),Rating,Play Count,Removed,Playlist Index
"Beware The Dog","Be Impressive","The Griswolds","202000","5","55","","246"
Title,Album,Artist,Duration (ms),Rating,Play Count,Removed,Playlist Index
"Beyond Me","Beyond Me","TobyMac","194000","5","71","","251"
Title,Album,Artist,Duration (ms),Rating,Play Count,Removed,Playlist Index
"Black Rose","Only Through The Pain","Trapt","281000","5","106","","290"
Title,Album,Artist,Duration (ms),Rating,Play Count,Removed,Playlist Index
"Bleed Into the Water","Afterimage","R.LUM.R","210000","5","16","","22"
Title,Album,Artist,Duration (ms),Rating,Play Count,Removed,Playlist Index
"Blind","Barely Put Together","Corey Harper","222000","5","63","","60"
Title,Album,Artist,Duration (ms),Rating,Play Count,Removed,Playlist Index
"Bloodflows","Tremors","SOHN","261000","5","134","","221"
Title,Album,Artist,Duration (ms),Rating,Play Count,Removed,Playlist Index
"Bloom","Bloom","Troye Sivan","222000","5","95","","118"
Title,Album,Artist,Duration (ms),Rating,Play Count,Removed,Playlist Index
"Body (Chus &amp; Ceballos Remix) (feat. brando)","Body (Chus &amp; Ceballos Remix)","Loud Luxury","207000","5","81","","150"
Title,Album,Artist,Duration (ms),Rating,Play Count,Removed,Playlist Index
"Born to Rise","Irons In The Fire","Redlight King","206000","5","30","","339"
Title,Album,Artist,Duration (ms),Rating,Play Count,Removed,Playlist Index
"Boston Square","Old Souls","Deaf Havana","213000","5","37","","338"
Title,Album,Artist,Duration (ms),Rating,Play Count,Removed,Playlist Index
"Bottles at the Moon","Ride It Out","Radical Something","169000","5","19","","38"
Title,Album,Artist,Duration (ms),Rating,Play Count,Removed,Playlist Index
"Brandy (You&#39;re a Fine Girl)","Looking Glass","Looking Glass","186000","5","74","","167"
Title,Album,Artist,Duration (ms),Rating,Play Count,Removed,Playlist Index
"Break Free (feat. Zedd)","My Everything (Deluxe)","Ariana Grande","214000","5","84","","257"
Title,Album,Artist,Duration (ms),Rating,Play Count,Removed,Playlist Index
"Breaking Inside","The Sound of Madness (Deluxe)","Shinedown","229000","5","34","","315"
Title,Album,Artist,Duration (ms),Rating,Play Count,Removed,Playlist Index
"Breathe","Time Without Consequence","Alexi Murdoch","257000","5","22","","361"
Title,Album,Artist,Duration (ms),Rating,Play Count,Removed,Playlist Index
"Broken Arrow","Broken Arrow","Francis Novotny","171000","5","83","","166"
Title,Album,Artist,Duration (ms),Rating,Play Count,Removed,Playlist Index
"Bruises (feat. Ashley Monroe)","California 37","Train","231000","5","33","","334"
Title,Album,Artist,Duration (ms),Rating,Play Count,Removed,Playlist Index
"BURN IT DOWN","LIVING THINGS","LINKIN PARK","230000","5","37","","320"
Title,Album,Artist,Duration (ms),Rating,Play Count,Removed,Playlist Index
"Can You Feel My Love","Entitled, Pt. 2","JAAK","192000","5","26","","39"
Title,Album,Artist,Duration (ms),Rating,Play Count,Removed,Playlist Index
"CAN&#39;T DANCE","CAN&#39;T DANCE","Meghan Trainor","180000","5","60","","109"
Title,Album,Artist,Duration (ms),Rating,Play Count,Removed,Playlist Index
"Can&#39;t Go Back Now","Hideaway","Deb Talan","137000","5","37","","362"
Title,Album,Artist,Duration (ms),Rating,Play Count,Removed,Playlist Index
"Careful","Brand New Eyes","Paramore","230000","5","76","","266"
Title,Album,Artist,Duration (ms),Rating,Play Count,Removed,Playlist Index
"Careless Whisper","Finding Beauty In Negative Spaces","Seether","297000","5","93","","234"
Title,Album,Artist,Duration (ms),Rating,Play Count,Removed,Playlist Index
"CAROUSEL","CAROUSEL","Aries","161000","5","77","","151"
Title,Album,Artist,Duration (ms),Rating,Play Count,Removed,Playlist Index
"Cash Out (feat. ScHoolboy Q, PARTYNEXTDOOR &amp; D.R.A.M.)","Funk Wav Bounces Vol.1","Calvin Harris","236000","5","104","","176"
Title,Album,Artist,Duration (ms),Rating,Play Count,Removed,Playlist Index
"Casio","For Ever","Jungle","234000","5","46","","65"
Title,Album,Artist,Duration (ms),Rating,Play Count,Removed,Playlist Index
"CASTLE OF GLASS","Living Things","Linkin Park","205000","5","110","","304"
Title,Album,Artist,Duration (ms),Rating,Play Count,Removed,Playlist Index
"Cemetery","Dreamland","COIN","177000","5","24","","23"
Title,Album,Artist,Duration (ms),Rating,Play Count,Removed,Playlist Index
"Chase You Down (Radio Edit)","Chase You Down","RUNAGROUND","213000","5","105","","201"
Title,Album,Artist,Duration (ms),Rating,Play Count,Removed,Playlist Index
"Cheated","31 Minutes to Takeoff","Mike Posner","199000","5","91","","182"
Title,Album,Artist,Duration (ms),Rating,Play Count,Removed,Playlist Index
"Chocolate","The 1975","The 1975","224000","5","51","","351"
Title,Album,Artist,Duration (ms),Rating,Play Count,Removed,Playlist Index
"Circles","Hollywood&#39;s Bleeding","Post Malone","215000","5","68","","69"
Title,Album,Artist,Duration (ms),Rating,Play Count,Removed,Playlist Index
"Circuit Breaker","The Understanding","Röyksopp","324000","5","56","","99"
Title,Album,Artist,Duration (ms),Rating,Play Count,Removed,Playlist Index
"City Of Angels","Love Lust Faith + Dreams","Thirty Seconds to Mars","302000","5","50","","327"
Title,Album,Artist,Duration (ms),Rating,Play Count,Removed,Playlist Index
"City Of Dreams (Radio Edit) (feat. Ruben Haze)","City Of Dreams","Dirty South","226000","5","0","","0"
Title,Album,Artist,Duration (ms),Rating,Play Count,Removed,Playlist Index
"Cola (Robin Schulz Remix)","Cola (Robin Schulz Remix)","CamelPhat","195000","5","66","","156"
Title,Album,Artist,Duration (ms),Rating,Play Count,Removed,Playlist Index
"Cold War","Blood Type","Cautious Clay","202000","5","89","","82"
Title,Album,Artist,Duration (ms),Rating,Play Count,Removed,Playlist Index
"Cold Water (feat. Justin Bieber &amp; MØ)","Cold Water","Major Lazer","185000","5","81","","131"
Title,Album,Artist,Duration (ms),Rating,Play Count,Removed,Playlist Index
"Colors","BADLANDS (Deluxe)","Halsey","249000","5","203","","139"
Title,Album,Artist,Duration (ms),Rating,Play Count,Removed,Playlist Index
"Conquistador","Love Lust Faith + Dreams","THIRTY SECONDS TO MARS","192259","5","179","","285"
Title,Album,Artist,Duration (ms),Rating,Play Count,Removed,Playlist Index
"Control","BADLANDS (Deluxe)","Halsey","214000","5","77","","140"
Title,Album,Artist,Duration (ms),Rating,Play Count,Removed,Playlist Index
"Crash","These Times","SafetySuit","172000","5","33","","314"
Title,Album,Artist,Duration (ms),Rating,Play Count,Removed,Playlist Index
"Creatures Of The Night (feat. Austin Mahone)","Creatures Of The Night","Hardwell","180000","5","95","","189"
Title,Album,Artist,Duration (ms),Rating,Play Count,Removed,Playlist Index
"Cross That Line","Wax Wings","Joshua Radin","181000","5","31","","365"
Title,Album,Artist,Duration (ms),Rating,Play Count,Removed,Playlist Index
"Cry Tonight (Kiss Me Back) [Extended Mix]","Just Dance 2","Kim Sozzi","245000","5","47","","85"
Title,Album,Artist,Duration (ms),Rating,Play Count,Removed,Playlist Index
"Crystalised","Crystalised","The xx","201000","5","61","","262"
Title,Album,Artist,Duration (ms),Rating,Play Count,Removed,Playlist Index
"CVS","CVS","Winnetka Bowling League","209000","5","30","","25"
Title,Album,Artist,Duration (ms),Rating,Play Count,Removed,Playlist Index
"Dance Monkey","Dance Monkey","Tones And I","209000","5","22","","28"
Title,Album,Artist,Duration (ms),Rating,Play Count,Removed,Playlist Index
"Dancin (Krono Remix) (feat. Luvli)","Dancin (Krono Remix)","Aaron Smith","198000","5","62","","84"
Title,Album,Artist,Duration (ms),Rating,Play Count,Removed,Playlist Index
"Dangerous","Always Never","Always Never","123000","5","99","","104"
Title,Album,Artist,Duration (ms),Rating,Play Count,Removed,Playlist Index
"Defend Atlantis","Survival Story","Flobots","302000","5","95","","293"
Title,Album,Artist,Duration (ms),Rating,Play Count,Removed,Playlist Index
"Dernière danse","Mini World","Indila","213000","5","56","","245"
Title,Album,Artist,Duration (ms),Rating,Play Count,Removed,Playlist Index
"Diddy Bop","Fifty Shades Freed (Original Motion Picture Soundtrack)","Jacob Banks","219000","5","73","","144"
Title,Album,Artist,Duration (ms),Rating,Play Count,Removed,Playlist Index
"Disappoint","Failure","Assemblage 23","333998","5","66","","298"
Title,Album,Artist,Duration (ms),Rating,Play Count,Removed,Playlist Index
"Do I Wanna Know?","Do I Wanna Know?","Arctic Monkeys","273000","5","140","","305"
Title,Album,Artist,Duration (ms),Rating,Play Count,Removed,Playlist Index
"Do What You Feel","Photograph","Dirty Vegas","241000","5","85","","232"
Title,Album,Artist,Duration (ms),Rating,Play Count,Removed,Playlist Index
"Don&#39;t Be so Hard on Yourself","I Cry When I Laugh","Jess Glynne","211000","5","84","","227"
Title,Album,Artist,Duration (ms),Rating,Play Count,Removed,Playlist Index
"Don&#39;t Let Go","Don&#39;t Let Go","Don Diablo &amp; Holly Winter","192000","5","65","","158"
Title,Album,Artist,Duration (ms),Rating,Play Count,Removed,Playlist Index
"Don&#39;t Rush","Hoax","Kevin Garrett","219000","5","37","","52"
Title,Album,Artist,Duration (ms),Rating,Play Count,Removed,Playlist Index
"Drive You Home","Overnight","Parachute","229000","5","29","","312"
Title,Album,Artist,Duration (ms),Rating,Play Count,Removed,Playlist Index
"Drum","Drum","MØ","187000","5","92","","211"
Title,Album,Artist,Duration (ms),Rating,Play Count,Removed,Playlist Index
"Duper","Fingerprint","Crooks on Tape","162000","5","42","","326"
Title,Album,Artist,Duration (ms),Rating,Play Count,Removed,Playlist Index
"Dynamite (feat. Pretty Sister)","Dynamite (feat. Pretty Sister)","Nause","195000","5","103","","204"
Title,Album,Artist,Duration (ms),Rating,Play Count,Removed,Playlist Index
"Edge Of Destruction (feat. Tech N9ne &amp; Twista)","Lace Up (Deluxe)","MGK","307000","5","45","","274"
Title,Album,Artist,Duration (ms),Rating,Play Count,Removed,Playlist Index
"Elevate (Single Edit)","Elevate","The Winery Dogs","265000","5","35","","324"
Title,Album,Artist,Duration (ms),Rating,Play Count,Removed,Playlist Index
"everything i wanted","everything i wanted","Billie Eilish","245000","5","30","","30"
Title,Album,Artist,Duration (ms),Rating,Play Count,Removed,Playlist Index
"Eye of The Storm (feat. Gavin Beach)","Drive","Gareth Emery","245000","5","77","","228"
Title,Album,Artist,Duration (ms),Rating,Play Count,Removed,Playlist Index
"Faded","The Nightday EP","ZHU","223000","5","51","","51"
Title,Album,Artist,Duration (ms),Rating,Play Count,Removed,Playlist Index
"Farewell (feat. Chris Batson)","DC to Light","Morgan Page","198000","5","146","","233"
Title,Album,Artist,Duration (ms),Rating,Play Count,Removed,Playlist Index
"Feels Like Summer","Parallel Play","Panama Wedding","249000","5","91","","255"
Title,Album,Artist,Duration (ms),Rating,Play Count,Removed,Playlist Index
"Feels Like Summer","Summer Pack","Childish Gambino","297000","5","70","","96"
Title,Album,Artist,Duration (ms),Rating,Play Count,Removed,Playlist Index
"Feet Don&#39;t Fail Me Now","All I Need (Deluxe Version)","Foxes","203000","5","37","","48"
Title,Album,Artist,Duration (ms),Rating,Play Count,Removed,Playlist Index
"Finally Feel Good","Finally Feel Good","James Arthur","215000","5","80","","55"
Title,Album,Artist,Duration (ms),Rating,Play Count,Removed,Playlist Index
"Fingertips","Fingertips","Leo Kalyan","255000","5","24","","15"
Title,Album,Artist,Duration (ms),Rating,Play Count,Removed,Playlist Index
"Fire, Fire","Filthy Empire","Heaven&#39;s Basement","257000","5","29","","328"
Title,Album,Artist,Duration (ms),Rating,Play Count,Removed,Playlist Index
"Fix This","The Colourist","The Colourist","225000","5","61","","272"
Title,Album,Artist,Duration (ms),Rating,Play Count,Removed,Playlist Index
"Fools Gold","More Than Just a Dream","Fitz and The Tantrums","214000","5","68","","263"
Title,Album,Artist,Duration (ms),Rating,Play Count,Removed,Playlist Index
"FOOLS","Blue Neighbourhood (Deluxe)","Troye Sivan","220000","5","79","","223"
Title,Album,Artist,Duration (ms),Rating,Play Count,Removed,Playlist Index
"Freak (Like Me)","Reveal","Underwhelmed","225000","5","34","","45"
Title,Album,Artist,Duration (ms),Rating,Play Count,Removed,Playlist Index
"FTPA (feat. Erik Hassle)","Sirens (Deluxe)","Gorgon City","284000","5","26","","36"
Title,Album,Artist,Duration (ms),Rating,Play Count,Removed,Playlist Index
"Genuine","Genuine","Shagabond","215000","5","53","","87"
Title,Album,Artist,Duration (ms),Rating,Play Count,Removed,Playlist Index
"Get Lucky","Get Lucky","Halestorm","188000","5","31","","332"
Title,Album,Artist,Duration (ms),Rating,Play Count,Removed,Playlist Index
"Ghost","Bright Nights * Dark Days","Cavo","184000","5","113","","343"
Title,Album,Artist,Duration (ms),Rating,Play Count,Removed,Playlist Index
"Ghost","Not a Trampoline","Rob Cantor","248000","5","86","","247"
Title,Album,Artist,Duration (ms),Rating,Play Count,Removed,Playlist Index
"Give Me Love (feat. Calum Scott)","FUTURE (Deluxe Edition)","Don Diablo","208000","5","61","","79"
Title,Album,Artist,Duration (ms),Rating,Play Count,Removed,Playlist Index
"Go the Distance (From &quot;Hercules&quot;/Soundtrack)","Disney&#39;s Greatest Volume 2","Roger Bart","194000","5","94","","217"
Title,Album,Artist,Duration (ms),Rating,Play Count,Removed,Playlist Index
"Goin&#39; Down","Light Me Up","The Pretty Reckless","215000","5","67","","261"
Title,Album,Artist,Duration (ms),Rating,Play Count,Removed,Playlist Index
"Gone (feat. Disco Fries)","Evolution","Gazzo","243000","5","66","","196"
Title,Album,Artist,Duration (ms),Rating,Play Count,Removed,Playlist Index
"Good Enough","Home School Valedictorian","Adelitas Way","231000","5","30","","331"
Title,Album,Artist,Duration (ms),Rating,Play Count,Removed,Playlist Index
"Greek Tragedy","Glitterbug (Deluxe Edition)","The Wombats","209000","5","87","","220"
Title,Album,Artist,Duration (ms),Rating,Play Count,Removed,Playlist Index
"Half A Man","A Place We Knew","Dean Lewis","179000","5","20","","44"
Title,Album,Artist,Duration (ms),Rating,Play Count,Removed,Playlist Index
"Heart on Fire","No Romeo (Deluxe)","Indiana","240000","5","42","","49"
Title,Album,Artist,Duration (ms),Rating,Play Count,Removed,Playlist Index
"Heart Out","The 1975","The 1975","202000","5","47","","348"
Title,Album,Artist,Duration (ms),Rating,Play Count,Removed,Playlist Index
"Heavydirtysoul","Blurryface","Twenty One Pilots","234000","5","107","","241"
Title,Album,Artist,Duration (ms),Rating,Play Count,Removed,Playlist Index
"Hell Above","Collide with the Sky","Pierce The Veil","223000","5","71","","237"
Title,Album,Artist,Duration (ms),Rating,Play Count,Removed,Playlist Index
"Hello","The Definitive Collection","Lionel Richie","248000","5","82","","291"
Title,Album,Artist,Duration (ms),Rating,Play Count,Removed,Playlist Index
"Her Eyes","Last Of Seven","Pat Monahan","195000","5","46","","5"
Title,Album,Artist,Duration (ms),Rating,Play Count,Removed,Playlist Index
"High Like This","LOVELAND","Kevin George","221000","5","76","","102"
Title,Album,Artist,Duration (ms),Rating,Play Count,Removed,Playlist Index
"Hold My Hand","I Cry When I Laugh","Jess Glynne","227000","5","61","","226"
Title,Album,Artist,Duration (ms),Rating,Play Count,Removed,Playlist Index
"Holiday (feat. Nadia Ali)","Exit 110 (Feat. Nadia Ali)","iiO","217000","5","54","","86"
Title,Album,Artist,Duration (ms),Rating,Play Count,Removed,Playlist Index
"Holocene","Bon Iver","Bon Iver","336000","5","31","","344"
Title,Album,Artist,Duration (ms),Rating,Play Count,Removed,Playlist Index
"Holy Diver","Ronnie James Dio - This Is Your Life","Killswitch Engage","249000","5","14","","13"
Title,Album,Artist,Duration (ms),Rating,Play Count,Removed,Playlist Index
"home (feat. WALK THE MOON)","home","morgxn","205000","5","59","","57"
Title,Album,Artist,Duration (ms),Rating,Play Count,Removed,Playlist Index
"Howl","Follow My Feet - EP","The Unlikely Candidates","211000","5","31","","316"
Title,Album,Artist,Duration (ms),Rating,Play Count,Removed,Playlist Index
"Human","Human (Deluxe)","Rag&#39;n&#39;Bone Man","200000","5","111","","197"
Title,Album,Artist,Duration (ms),Rating,Play Count,Removed,Playlist Index
"Hundred","Free Spirit","Khalid","277000","5","226","","64"
Title,Album,Artist,Duration (ms),Rating,Play Count,Removed,Playlist Index
"Hung Up (Radio Edit) (feat. Emma Gatsby)","Hung Up","Tritonal","220000","5","116","","187"
Title,Album,Artist,Duration (ms),Rating,Play Count,Removed,Playlist Index
"Hurt","Home School Valedictorian","Adelitas Way","236000","5","29","","330"
Title,Album,Artist,Duration (ms),Rating,Play Count,Removed,Playlist Index
"Hurts","Long Live The Angels (Deluxe)","Emeli Sandé","238000","5","65","","181"
Title,Album,Artist,Duration (ms),Rating,Play Count,Removed,Playlist Index
"Hush Hush","tryhard","The Band CAMINO","177000","5","72","","59"
Title,Album,Artist,Duration (ms),Rating,Play Count,Removed,Playlist Index
"I Could Be The One [Avicii vs Nicky Romero] (Noonie Bao Acoustic Mix)","I Could Be The One [Avicii &amp; Nicky Romero] (Remixes)","Avicii","231000","5","110","","256"
Title,Album,Artist,Duration (ms),Rating,Play Count,Removed,Playlist Index
"I Feel Like I&#39;m Drowning","A 20 Something Fuck","Two Feet","185000","5","53","","68"
Title,Album,Artist,Duration (ms),Rating,Play Count,Removed,Playlist Index
"I Know What You Did Last Summer","Handwritten (Revisited)","Shawn Mendes","223000","5","84","","202"
Title,Album,Artist,Duration (ms),Rating,Play Count,Removed,Playlist Index
"I Need Help","Knock Madness","Hopsin","257000","5","41","","278"
Title,Album,Artist,Duration (ms),Rating,Play Count,Removed,Playlist Index
"I Want a Miracle (feat. Sam Martin &amp; Chris Willis) [The Magician Remix]","I Want a Miracle (feat. Sam Martin &amp; Chris Willis) [The Magician Remix]","Fred Rister","228000","5","71","","91"
Title,Album,Artist,Duration (ms),Rating,Play Count,Removed,Playlist Index
"I Want Magic (Dimitri From Paris Radio Edit)","I Want Magic","Izo FitzRoy","216000","5","31","","42"
Title,Album,Artist,Duration (ms),Rating,Play Count,Removed,Playlist Index
"I Will Not Be Moved","Relentless","Natalie Grant","230000","5","65","","250"
Title,Album,Artist,Duration (ms),Rating,Play Count,Removed,Playlist Index
"Icarus","Bad Blood","Bastille","225000","5","124","","299"
Title,Album,Artist,Duration (ms),Rating,Play Count,Removed,Playlist Index
"If It Feels Good (Then It Must Be)","Good Thing","Leon Bridges","194000","5","124","","71"
Title,Album,Artist,Duration (ms),Rating,Play Count,Removed,Playlist Index
"If We Have Each Other","If We Have Each Other","Alec Benjamin","181000","5","68","","117"
Title,Album,Artist,Duration (ms),Rating,Play Count,Removed,Playlist Index
"If You Could See Me Now","#3","The Script","219000","5","41","","335"
Title,Album,Artist,Duration (ms),Rating,Play Count,Removed,Playlist Index
"If You See Her","Malibu Nights","LANY","182000","5","72","","72"
Title,Album,Artist,Duration (ms),Rating,Play Count,Removed,Playlist Index
"Ignite (feat. Seungri)","Ignite","K-391","210000","5","59","","122"
Title,Album,Artist,Duration (ms),Rating,Play Count,Removed,Playlist Index
"Immortals","American Beauty/American Psycho","Fall Out Boy","189000","5","85","","170"
Title,Album,Artist,Duration (ms),Rating,Play Count,Removed,Playlist Index
"Impossible","James Arthur (Deluxe)","James Arthur","209000","5","62","","9"
Title,Album,Artist,Duration (ms),Rating,Play Count,Removed,Playlist Index
"In My Dreams (feat. Nikki Wilkins)","Rocket League (Official Game Soundtrack)","Mike Ault","384000","5","132","","222"
Title,Album,Artist,Duration (ms),Rating,Play Count,Removed,Playlist Index
"Instant Crush (feat. Julian Casablancas)","Random Access Memories","Daft Punk","337000","5","63","","240"
Title,Album,Artist,Duration (ms),Rating,Play Count,Removed,Playlist Index
"Into The Nothing","Dear Agony","Breaking Benjamin","223000","5","134","","292"
Title,Album,Artist,Duration (ms),Rating,Play Count,Removed,Playlist Index
"Into The Ocean","Foiled","Blue October","239000","5","72","","279"
Title,Album,Artist,Duration (ms),Rating,Play Count,Removed,Playlist Index
"Intoxicated","Intoxicated","Pomo","270000","5","55","","93"
Title,Album,Artist,Duration (ms),Rating,Play Count,Removed,Playlist Index
"Introdiction","Distraction Pieces","Scroobius Pip","209000","5","37","","311"
Title,Album,Artist,Duration (ms),Rating,Play Count,Removed,Playlist Index
"Invisible - (RED) Edit","Invisible (RED Edit Version)","U2","226000","5","38","","329"
Title,Album,Artist,Duration (ms),Rating,Play Count,Removed,Playlist Index
"Iron &amp; Steel","Iron &amp; Steel","Quinn XCII","203000","5","60","","152"
Title,Album,Artist,Duration (ms),Rating,Play Count,Removed,Playlist Index
"Is Everybody Going Crazy?","Is Everybody Going Crazy?","Nothing But Thieves","237000","5","47","","12"
Title,Album,Artist,Duration (ms),Rating,Play Count,Removed,Playlist Index
"Isolation","AB III","Alter Bridge","253000","5","33","","336"
Title,Album,Artist,Duration (ms),Rating,Play Count,Removed,Playlist Index
"It Ain&#39;t Me","It Ain&#39;t Me","Kygo &amp; Selena Gomez","220000","5","52","","19"
Title,Album,Artist,Duration (ms),Rating,Play Count,Removed,Playlist Index
"I&#39;ll Forget You","Leavetaking","Peter Bradley Adams","221000","5","26","","358"
Title,Album,Artist,Duration (ms),Rating,Play Count,Removed,Playlist Index
"Jenny","Walk The Moon","WALK THE MOON","245000","5","65","","273"
Title,Album,Artist,Duration (ms),Rating,Play Count,Removed,Playlist Index
"Just Another Girl","Direct Hits","The Killers","262000","5","44","","350"
Title,Album,Artist,Duration (ms),Rating,Play Count,Removed,Playlist Index
"Just Call (feat. Bella Thorne)","Just Call (feat. Bella Thorne)","Prince Fox","168000","5","88","","191"
Title,Album,Artist,Duration (ms),Rating,Play Count,Removed,Playlist Index
"Keep Breathing","Be OK","Ingrid Michaelson","205000","5","32","","363"
Title,Album,Artist,Duration (ms),Rating,Play Count,Removed,Playlist Index
"Keep Me Crazy","Keep Me Crazy","Sheppard","196000","5","60","","142"
Title,Album,Artist,Duration (ms),Rating,Play Count,Removed,Playlist Index
"Kevin’s Heart","KOD","J. Cole","200000","5","59","","132"
Title,Album,Artist,Duration (ms),Rating,Play Count,Removed,Playlist Index
"King","King","GRADES","187000","5","86","","235"
Title,Album,Artist,Duration (ms),Rating,Play Count,Removed,Playlist Index
"Kiss Me Again (feat. Alex Gaskarth)","Kiss Me Again (feat. Alex Gaskarth)","We Are The In Crowd","200000","5","102","","253"
Title,Album,Artist,Duration (ms),Rating,Play Count,Removed,Playlist Index
"Lack of Emotion","Lack of Emotion","Skott","187000","5","126","","206"
Title,Album,Artist,Duration (ms),Rating,Play Count,Removed,Playlist Index
"Ladykiller","Overexposed (Deluxe)","Maroon 5","164000","5","37","","337"
Title,Album,Artist,Duration (ms),Rating,Play Count,Removed,Playlist Index
"Lessons In Love (All Day, All Night) (feat. Kaskade)","Picture Show","Neon Trees","223000","5","29","","317"
Title,Album,Artist,Duration (ms),Rating,Play Count,Removed,Playlist Index
"lessons","lessons","mxmtoon","212000","5","33","","29"
Title,Album,Artist,Duration (ms),Rating,Play Count,Removed,Playlist Index
"Let Me Down Slowly","Narrated For You","Alec Benjamin","169000","5","60","","97"
Title,Album,Artist,Duration (ms),Rating,Play Count,Removed,Playlist Index
"Let Them In","White Noise","PVRIS","212000","5","71","","224"
Title,Album,Artist,Duration (ms),Rating,Play Count,Removed,Playlist Index
"Let&#39;s Fall in Love for the Night","Let’s Fall In Love For The Night","FINNEAS","190000","5","23","","32"
Title,Album,Artist,Duration (ms),Rating,Play Count,Removed,Playlist Index
"Level of Concern","Level of Concern","twenty one pilots","220000","5","39","","31"
Title,Album,Artist,Duration (ms),Rating,Play Count,Removed,Playlist Index
"Lies In The Dark","Fifty Shades Darker (Original Motion Picture Soundtrack)","Tove Lo","221000","5","32","","47"
Title,Album,Artist,Duration (ms),Rating,Play Count,Removed,Playlist Index
"Light Years (feat. Richard Walters)","In The Air","Morgan Page","262000","5","84","","231"
Title,Album,Artist,Duration (ms),Rating,Play Count,Removed,Playlist Index
"Likes","Rouge","Yuna","215000","5","13","","35"
Title,Album,Artist,Duration (ms),Rating,Play Count,Removed,Playlist Index
"Losin Control","Losin Control","Russ","237000","5","107","","198"
Title,Album,Artist,Duration (ms),Rating,Play Count,Removed,Playlist Index
"Losing Sleep","Tribute","John Newman","282000","5","48","","346"
Title,Album,Artist,Duration (ms),Rating,Play Count,Removed,Playlist Index
"Lost (Chill Out Mix)","Sunny Tales","Sunlounger","329000","5","53","","88"
Title,Album,Artist,Duration (ms),Rating,Play Count,Removed,Playlist Index
"Lost","channel ORANGE","Frank Ocean","234000","5","161","","168"
Title,Album,Artist,Duration (ms),Rating,Play Count,Removed,Playlist Index
"Loud Places","In Colour","Jamie xx","283000","5","72","","192"
Title,Album,Artist,Duration (ms),Rating,Play Count,Removed,Playlist Index
"Love Is the Answer","Dr. Heckle &amp; Mr. Jive","England Dan &amp; John Ford Coley","284000","5","9","","1"
Title,Album,Artist,Duration (ms),Rating,Play Count,Removed,Playlist Index
"Love Less","Afterimage","R.LUM.R","205000","5","23","","21"
Title,Album,Artist,Duration (ms),Rating,Play Count,Removed,Playlist Index
"Love Like We Used To (feat. Nateur)","Love Like We Used To","Captain Cuts","227000","5","143","","208"
Title,Album,Artist,Duration (ms),Rating,Play Count,Removed,Playlist Index
"Love You Better (feat. Glades)","Into the Light","Feki","235000","5","64","","119"
Title,Album,Artist,Duration (ms),Rating,Play Count,Removed,Playlist Index
"Mad World (feat. Michael Andrews)","Trading Snakeoil for Wolftickets","Gary Jules","189000","5","67","","216"
Title,Album,Artist,Duration (ms),Rating,Play Count,Removed,Playlist Index
"Magic","Magic","Coldplay","285000","5","68","","325"
Title,Album,Artist,Duration (ms),Rating,Play Count,Removed,Playlist Index
"Magnets (A-Trak Remix) (feat. Lorde)","Magnets (The Remixes)","Disclosure","260000","5","62","","108"
Title,Album,Artist,Duration (ms),Rating,Play Count,Removed,Playlist Index
"Marry You (feat. Ne-Yo)","Marry You","Diamond Platnumz","246000","5","45","","146"
Title,Album,Artist,Duration (ms),Rating,Play Count,Removed,Playlist Index
"Mayday!!!","Fight With Tools (Explicit Version)","Flobots","276000","5","105","","289"
Title,Album,Artist,Duration (ms),Rating,Play Count,Removed,Playlist Index
"Me","The 1975","The 1975","275000","5","64","","6"
Title,Album,Artist,Duration (ms),Rating,Play Count,Removed,Playlist Index
"Meant To Be","Yours - EP","SG Lewis","178000","5","109","","160"
Title,Album,Artist,Duration (ms),Rating,Play Count,Removed,Playlist Index
"Mind Is A Prison","Mind Is A Prison","Alec Benjamin","162000","5","15","","43"
Title,Album,Artist,Duration (ms),Rating,Play Count,Removed,Playlist Index
"Mine","COSMIC","Bazzi","131000","5","82","","125"
Title,Album,Artist,Duration (ms),Rating,Play Count,Removed,Playlist Index
"Miracle","Love Is Dead","CHVRCHES","188000","5","41","","50"
Title,Album,Artist,Duration (ms),Rating,Play Count,Removed,Playlist Index
"Missing Home","Missing Home","flora cash","219000","5","16","","34"
Title,Album,Artist,Duration (ms),Rating,Play Count,Removed,Playlist Index
"Mon Amour (feat. Austen)","Mon Amour (feat. Austen)","Kuren","195000","5","67","","157"
Title,Album,Artist,Duration (ms),Rating,Play Count,Removed,Playlist Index
"Money, Fame &amp; Fortune","Money, Fame &amp; Fortune","The Goo Goo Dolls","197000","5","67","","74"
Title,Album,Artist,Duration (ms),Rating,Play Count,Removed,Playlist Index
"Monster","Monster","Gabbie Hanna","169000","5","53","","107"
Title,Album,Artist,Duration (ms),Rating,Play Count,Removed,Playlist Index
"More Than A Miracle","Small Talk - EP","MNEK","245000","5","72","","248"
Title,Album,Artist,Duration (ms),Rating,Play Count,Removed,Playlist Index
"Move Your Body (Single Mix)","Move Your Body (Single Mix)","Sia","252000","5","50","","92"
Title,Album,Artist,Duration (ms),Rating,Play Count,Removed,Playlist Index
"Ms. Jackson","Ms. Jackson","Party Pupils","182000","5","99","","209"
Title,Album,Artist,Duration (ms),Rating,Play Count,Removed,Playlist Index
"Naked","L O V E","kirstin","208000","5","66","","184"
Title,Album,Artist,Duration (ms),Rating,Play Count,Removed,Playlist Index
"Neon Cathedral (feat. Allen Stone)","The Heist","Macklemore &amp; Ryan Lewis","274000","5","177","","195"
Title,Album,Artist,Duration (ms),Rating,Play Count,Removed,Playlist Index
"Nicotine","Too Weird To Live, Too Rare To Die!","Panic! At The Disco","186000","5","55","","355"
Title,Album,Artist,Duration (ms),Rating,Play Count,Removed,Playlist Index
"Night Time","xx","The xx","216000","5","36","","321"
Title,Album,Artist,Duration (ms),Rating,Play Count,Removed,Playlist Index
"Night Train","Supply And Demand","Amos Lee","210000","5","32","","359"
Title,Album,Artist,Duration (ms),Rating,Play Count,Removed,Playlist Index
"NIKES","BASED ON A TRUE STORY.","Jake Miller","214000","5","51","","61"
Title,Album,Artist,Duration (ms),Rating,Play Count,Removed,Playlist Index
"No Chance","No Chance","Jarami","225000","5","49","","94"
Title,Album,Artist,Duration (ms),Rating,Play Count,Removed,Playlist Index
"No Church In The Wild","Watch The Throne","JAY Z","272000","5","29","","14"
Title,Album,Artist,Duration (ms),Rating,Play Count,Removed,Playlist Index
"No Pain (feat. Khalid, Charlie Wilson &amp; Charlotte Day Wilson)","No Pain","DJDS","200000","5","60","","90"
Title,Album,Artist,Duration (ms),Rating,Play Count,Removed,Playlist Index
"NOBODY ELSE","BASED ON A TRUE STORY.","Jake Miller","176000","5","48","","63"
Title,Album,Artist,Duration (ms),Rating,Play Count,Removed,Playlist Index
"Northern Lights","Love Lust Faith + Dreams","THIRTY SECONDS TO MARS","284183","5","119","","307"
Title,Album,Artist,Duration (ms),Rating,Play Count,Removed,Playlist Index
"Not Coming Down","Altitude &amp; Oxygen","Cleopold","216000","5","76","","78"
Title,Album,Artist,Duration (ms),Rating,Play Count,Removed,Playlist Index
"Not Forgotten (feat. Nick Littlemore)","Black Light","Groove Armada","333000","5","21","","18"
Title,Album,Artist,Duration (ms),Rating,Play Count,Removed,Playlist Index
"not ur friend","love is not dying","Jeremy Zucker","174000","5","22","","17"
Title,Album,Artist,Duration (ms),Rating,Play Count,Removed,Playlist Index
"Nothing Left To Say / Rocks","Night Visions (Deluxe)","Imagine Dragons","536000","5","57","","354"
Title,Album,Artist,Duration (ms),Rating,Play Count,Removed,Playlist Index
"Nothing&#39;s Wrong","Talking Dreams","Echosmith","215000","5","50","","270"
Title,Album,Artist,Duration (ms),Rating,Play Count,Removed,Playlist Index
"Numb (feat. Johnning)","Numb (feat. Johnning)","Prefekt","247000","5","63","","113"
Title,Album,Artist,Duration (ms),Rating,Play Count,Removed,Playlist Index
"Ocean Drive","Blasé Boys Club (Pt. 1)","Duke Dumont","206000","5","89","","105"
Title,Album,Artist,Duration (ms),Rating,Play Count,Removed,Playlist Index
"Ocean King","Soft Lit - EP","Soft Lit","223000","5","72","","77"
Title,Album,Artist,Duration (ms),Rating,Play Count,Removed,Playlist Index
"On Hold","I See You","The xx","224000","5","72","","163"
Title,Album,Artist,Duration (ms),Rating,Play Count,Removed,Playlist Index
"On My Own (feat. Nevve)","On My Own","3LAU","228000","5","93","","153"
Title,Album,Artist,Duration (ms),Rating,Play Count,Removed,Playlist Index
"On the Other Side","On the Other Side","Blanco White","297000","5","59","","75"
Title,Album,Artist,Duration (ms),Rating,Play Count,Removed,Playlist Index
"Only Natural","Only Natural","Soft Lit","223000","5","77","","159"
Title,Album,Artist,Duration (ms),Rating,Play Count,Removed,Playlist Index
"OTW (feat. 6LACK &amp; Ty Dolla $ign)","OTW","Khalid","263000","5","99","","138"
Title,Album,Artist,Duration (ms),Rating,Play Count,Removed,Playlist Index
"Our Eyes","Work It Out (Deluxe)","Lucy Rose","192000","5","82","","162"
Title,Album,Artist,Duration (ms),Rating,Play Count,Removed,Playlist Index
"Our House (feat. Eminem &amp; Skylar Grey)","welcome to: OUR HOUSE (Deluxe)","Slaughterhouse","358000","5","39","","275"
Title,Album,Artist,Duration (ms),Rating,Play Count,Removed,Playlist Index
"Panacea For The Poison","Survival Story","Flobots","245000","5","87","","288"
Title,Album,Artist,Duration (ms),Rating,Play Count,Removed,Playlist Index
"Panic Room","Panic Room","Au/Ra","214000","5","64","","134"
Title,Album,Artist,Duration (ms),Rating,Play Count,Removed,Playlist Index
"Paper Heart","This Quiet Night","David Cook","202000","5","30","","313"
Title,Album,Artist,Duration (ms),Rating,Play Count,Removed,Playlist Index
"Parachutes","Parachutes","Jordan Mackampa","223000","5","27","","54"
Title,Album,Artist,Duration (ms),Rating,Play Count,Removed,Playlist Index
"Paralysis","Mind Over Matter","Young the Giant","275000","5","47","","349"
Title,Album,Artist,Duration (ms),Rating,Play Count,Removed,Playlist Index
"Paranoid Circus (Orchestral Version)","Paranoid Circus","Lyriel","216000","5","31","","341"
Title,Album,Artist,Duration (ms),Rating,Play Count,Removed,Playlist Index
"Party On My Own (feat. FAULHABER)","Party On My Own (feat. FAULHABER)","Vintage Culture","146000","5","32","","7"
Title,Album,Artist,Duration (ms),Rating,Play Count,Removed,Playlist Index
"Phone Down (feat. Emily Warren)","Phone Down","Lost Kings","215000","5","157","","180"
Title,Album,Artist,Duration (ms),Rating,Play Count,Removed,Playlist Index
"Preacher Man","Preacher Man","THE DRIVER ERA","219000","5","48","","58"
Title,Album,Artist,Duration (ms),Rating,Play Count,Removed,Playlist Index
"Preview","Preview","Mackenzie Nicole","207000","5","76","","155"
Title,Album,Artist,Duration (ms),Rating,Play Count,Removed,Playlist Index
"Prisoner to My Emotions","Prisoner to My Emotions","Trayci Jenkins and the Jenkenettes","196000","5","52","","127"
Title,Album,Artist,Duration (ms),Rating,Play Count,Removed,Playlist Index
"Problems","Presence","Petit Biscuit, Lido","219000","5","85","","133"
Title,Album,Artist,Duration (ms),Rating,Play Count,Removed,Playlist Index
"Problems","ASYLUM","A R I Z O N A","171000","5","61","","56"
Title,Album,Artist,Duration (ms),Rating,Play Count,Removed,Playlist Index
"Product Of My Own Design","Someone In Control","Trapt","212000","5","84","","281"
Title,Album,Artist,Duration (ms),Rating,Play Count,Removed,Playlist Index
"Rain","Notes From The Underground (Unabridged)","Hollywood Undead","221000","5","41","","276"
Title,Album,Artist,Duration (ms),Rating,Play Count,Removed,Playlist Index
"Raindrops","Scars","Basement Jaxx","249000","5","12","","16"
Title,Album,Artist,Duration (ms),Rating,Play Count,Removed,Playlist Index
"Rap God","Rap God","Eminem","363000","5","65","","294"
Title,Album,Artist,Duration (ms),Rating,Play Count,Removed,Playlist Index
"Ready For Your Love","Sirens","Gorgon City","198000","5","76","","239"
Title,Album,Artist,Duration (ms),Rating,Play Count,Removed,Playlist Index
"Reckless","Let the Night","Dirty Vegas","205000","5","220","","254"
Title,Album,Artist,Duration (ms),Rating,Play Count,Removed,Playlist Index
"Recover (Cid Rim Remix)","Recover","CHVRCHES","347000","5","57","","83"
Title,Album,Artist,Duration (ms),Rating,Play Count,Removed,Playlist Index
"Remember I Told You (feat. Anne-Marie &amp; Mike Posner)","Remember I Told You","Nick Jonas","201000","5","73","","110"
Title,Album,Artist,Duration (ms),Rating,Play Count,Removed,Playlist Index
"Remember the Name (feat. Styles of Beyond)","The Rising Tied","Fort Minor","230000","5","43","","277"
Title,Album,Artist,Duration (ms),Rating,Play Count,Removed,Playlist Index
"Re: Stacks","For Emma, Forever Ago","Bon Iver","401000","5","98","","286"
Title,Album,Artist,Duration (ms),Rating,Play Count,Removed,Playlist Index
"Right Here","What I&#39;ve Become","Ashes Remain","171000","5","45","","264"
Title,Album,Artist,Duration (ms),Rating,Play Count,Removed,Playlist Index
"Right Where You Should Be (feat. Ashe &amp; Louis Futon)","From Michigan With Love","Quinn XCII","207000","5","50","","67"
Title,Album,Artist,Duration (ms),Rating,Play Count,Removed,Playlist Index
"RISE (feat. The Word Alive)","RISE","League of Legends","192000","5","60","","112"
Title,Album,Artist,Duration (ms),Rating,Play Count,Removed,Playlist Index
"Rock the B.O.A.T.","Rock the B.O.A.T.","MarcLo","233000","5","90","","175"
Title,Album,Artist,Duration (ms),Rating,Play Count,Removed,Playlist Index
"Rollin (feat. Future &amp; Khalid)","Rollin","Calvin Harris","272000","5","126","","194"
Title,Album,Artist,Duration (ms),Rating,Play Count,Removed,Playlist Index
"Rollin (feat. Future &amp; Khalid)","Funk Wav Bounces Vol.1","Calvin Harris","272000","5","213","","172"
Title,Album,Artist,Duration (ms),Rating,Play Count,Removed,Playlist Index
"Rule The World (Radio Edit)","Rule The World","Take That","237000","5","40","","135"
Title,Album,Artist,Duration (ms),Rating,Play Count,Removed,Playlist Index
"Running To The Sea","Running To The Sea","Röyksopp","295000","5","156","","302"
Title,Album,Artist,Duration (ms),Rating,Play Count,Removed,Playlist Index
"Rush","Rush","Ayelle, Nakala","231000","5","61","","103"
Title,Album,Artist,Duration (ms),Rating,Play Count,Removed,Playlist Index
"Safe And Sound","In A Tidal Wave Of Mystery (Deluxe Edition)","Capital Cities","192000","5","75","","308"
Title,Album,Artist,Duration (ms),Rating,Play Count,Removed,Playlist Index
"Salt","Language &amp; Perspective","Bad Suns","226000","5","357","","3"
Title,Album,Artist,Duration (ms),Rating,Play Count,Removed,Playlist Index
"Say It (feat. Sara Skinner)","Say It","Crankdat","187000","5","56","","129"
Title,Album,Artist,Duration (ms),Rating,Play Count,Removed,Playlist Index
"Say It to Me","Super","Pet Shop Boys","188000","5","114","","199"
Title,Album,Artist,Duration (ms),Rating,Play Count,Removed,Playlist Index
"Say Say","Wake Up","Youngblood Hawke","291000","5","65","","269"
Title,Album,Artist,Duration (ms),Rating,Play Count,Removed,Playlist Index
"Say So","Hot Pink","Doja Cat","237000","5","19","","37"
Title,Album,Artist,Duration (ms),Rating,Play Count,Removed,Playlist Index
"Say You Do","Crawl Space","Tei Shi","233000","5","99","","171"
Title,Album,Artist,Duration (ms),Rating,Play Count,Removed,Playlist Index
"See Through","Daphne Blue / See Through","The Band CAMINO","181000","5","56","","62"
Title,Album,Artist,Duration (ms),Rating,Play Count,Removed,Playlist Index
"Self","Free Spirit","Khalid","230000","5","97","","89"
Title,Album,Artist,Duration (ms),Rating,Play Count,Removed,Playlist Index
"Settle Down","The 1975","The 1975","239000","5","49","","356"
Title,Album,Artist,Duration (ms),Rating,Play Count,Removed,Playlist Index
"Shake It Loose","Mind Out Wandering","Astronauts, etc.","186000","5","22","","40"
Title,Album,Artist,Duration (ms),Rating,Play Count,Removed,Playlist Index
"shedontknowbutsheknows","BLUE LIPS (Lady Wood Phase II)","Tove Lo","196000","5","127","","165"
Title,Album,Artist,Duration (ms),Rating,Play Count,Removed,Playlist Index
"Shiver","Like I Used To","Lucy Rose","233000","5","79","","218"
Title,Album,Artist,Duration (ms),Rating,Play Count,Removed,Playlist Index
"Shooting Stars","Bag Raiders (Deluxe)","Bag Raiders","235000","5","41","","66"
Title,Album,Artist,Duration (ms),Rating,Play Count,Removed,Playlist Index
"Should&#39;ve Known Better","Tri-Polar","Sick Puppies","232000","5","70","","259"
Title,Album,Artist,Duration (ms),Rating,Play Count,Removed,Playlist Index
"Show My Ass (feat. Worm)","The Big Sal Story","Jelly Roll","204000","5","56","","76"
Title,Album,Artist,Duration (ms),Rating,Play Count,Removed,Playlist Index
"Sign Language (feat. Wynter Gordon)","You Are Not Alone","Kinetics &amp; One Love","285333","5","66","","287"
Title,Album,Artist,Duration (ms),Rating,Play Count,Removed,Playlist Index
"Silver Scrapes","Dubstep","Chronic Crew","116000","5","83","","169"
Title,Album,Artist,Duration (ms),Rating,Play Count,Removed,Playlist Index
"Sing","x (Deluxe Edition)","Ed Sheeran","235000","5","30","","310"
Title,Album,Artist,Duration (ms),Rating,Play Count,Removed,Playlist Index
"Single Ladies (Put a Ring on It)","I AM...SASHA FIERCE","Beyoncé","193000","5","36","","345"
Title,Album,Artist,Duration (ms),Rating,Play Count,Removed,Playlist Index
"Skinny Love","For Emma, Forever Ago","Bon Iver","238000","5","177","","342"
Title,Album,Artist,Duration (ms),Rating,Play Count,Removed,Playlist Index
"Sky","Simple Times","Joshua Radin","204000","5","107","","322"
Title,Album,Artist,Duration (ms),Rating,Play Count,Removed,Playlist Index
"Sleep Thru Ur Alarms","Surrender (2014 - 2017)","Lontalius","112000","5","20","","20"
Title,Album,Artist,Duration (ms),Rating,Play Count,Removed,Playlist Index
"Slow (feat. Noah Cyrus) [R3HAB Remix]","Slow (feat. Noah Cyrus) [Remixes]","Matoma","160000","5","81","","149"
Title,Album,Artist,Duration (ms),Rating,Play Count,Removed,Playlist Index
"Slow (feat. Rochelle Jordan)","Voices (EP)","Cyril Hahn","222000","5","66","","143"
Title,Album,Artist,Duration (ms),Rating,Play Count,Removed,Playlist Index
"Slow It Down","Voicenotes","Charlie Puth","190000","5","61","","70"
Title,Album,Artist,Duration (ms),Rating,Play Count,Removed,Playlist Index
"smiling when i die","smiling when i die","Sasha Sloan","206000","5","20","","27"
Title,Album,Artist,Duration (ms),Rating,Play Count,Removed,Playlist Index
"So Close (feat. Georgia Ku)","So Close","NOTD","190000","5","55","","106"
Title,Album,Artist,Duration (ms),Rating,Play Count,Removed,Playlist Index
"So This Is Goodbye","Derivatives","William Fitzsimmons","251000","5","112","","229"
Title,Album,Artist,Duration (ms),Rating,Play Count,Removed,Playlist Index
"Somebody Else","I like it when you sleep, for you are so beautiful yet so unaware of it","The 1975","347000","5","66","","80"
Title,Album,Artist,Duration (ms),Rating,Play Count,Removed,Playlist Index
"Something In My Heart","Running To The Sea","Röyksopp","329000","5","82","","283"
Title,Album,Artist,Duration (ms),Rating,Play Count,Removed,Playlist Index
"Someway, Somehow","LAUNCH FLY LAND","DREAMERS","223000","5","21","","24"
Title,Album,Artist,Duration (ms),Rating,Play Count,Removed,Playlist Index
"Split Stones","Split Stones","Maggie Rogers","231000","5","72","","120"
Title,Album,Artist,Duration (ms),Rating,Play Count,Removed,Playlist Index
"St. Patrick","White Noise","PVRIS","260000","5","85","","238"
Title,Album,Artist,Duration (ms),Rating,Play Count,Removed,Playlist Index
"Star Mile","We Were Here","Joshua Radin","242000","5","156","","295"
Title,Album,Artist,Duration (ms),Rating,Play Count,Removed,Playlist Index
"Starting Over (feat. Ben Bridwell of Band of Horses)","The Heist","Macklemore &amp; Ryan Lewis","251000","5","148","","10"
Title,Album,Artist,Duration (ms),Rating,Play Count,Removed,Playlist Index
"Stay With Me","In The Lonely Hour (Google Play Exclusive Deluxe Edition)","Sam Smith","172000","5","48","","309"
Title,Album,Artist,Duration (ms),Rating,Play Count,Removed,Playlist Index
"still feel.","Now, Not Yet","half·alive","247000","5","20","","26"
Title,Album,Artist,Duration (ms),Rating,Play Count,Removed,Playlist Index
"Stockholm Syndrome","FOUR (Deluxe)","One Direction","214000","5","57","","130"
Title,Album,Artist,Duration (ms),Rating,Play Count,Removed,Playlist Index
"Stolen Moments","Blood Type","Cautious Clay","137000","5","105","","137"
Title,Album,Artist,Duration (ms),Rating,Play Count,Removed,Playlist Index
"Storytime","Imaginaerum","Nightwish","322000","5","29","","353"
Title,Album,Artist,Duration (ms),Rating,Play Count,Removed,Playlist Index
"Summertime Magic","Summer Pack","Childish Gambino","213000","5","44","","53"
Title,Album,Artist,Duration (ms),Rating,Play Count,Removed,Playlist Index
"Sun In Our Eyes","Sun In Our Eyes","MØ","217000","5","75","","123"
Title,Album,Artist,Duration (ms),Rating,Play Count,Removed,Playlist Index
"Sunny Days (feat. Josh Cumbee)","Sunny Days","Armin van Buuren","210000","5","106","","173"
Title,Album,Artist,Duration (ms),Rating,Play Count,Removed,Playlist Index
"Sunset Lover","Petit Biscuit","Petit Biscuit","237000","5","90","","177"
Title,Album,Artist,Duration (ms),Rating,Play Count,Removed,Playlist Index
"Super Far","LANY","LANY","203000","5","86","","121"
Title,Album,Artist,Duration (ms),Rating,Play Count,Removed,Playlist Index
"Supercut","Melodrama","Lorde","277000","5","84","","186"
Title,Album,Artist,Duration (ms),Rating,Play Count,Removed,Playlist Index
"Swimming Pool Summer (THCSRS Remix)","Swimming Pool Summer","Capital Cities","238000","5","92","","190"
Title,Album,Artist,Duration (ms),Rating,Play Count,Removed,Playlist Index
"Tailwhip (Miki Bangs Remix)","Tailwhip (Miki Bangs Remix)","Men I Trust","193000","5","146","","174"
Title,Album,Artist,Duration (ms),Rating,Play Count,Removed,Playlist Index
"Take My Chances","Take My Chances","Copper","199000","5","176","","323"
Title,Album,Artist,Duration (ms),Rating,Play Count,Removed,Playlist Index
"Team","For Emma, Forever Ago","Bon Iver","116000","5","89","","340"
Title,Album,Artist,Duration (ms),Rating,Play Count,Removed,Playlist Index
"Teeth","Melophobia","Cage The Elephant","327000","5","50","","352"
Title,Album,Artist,Duration (ms),Rating,Play Count,Removed,Playlist Index
"Tell Me","Tell Me","R.Lum.R","195000","5","100","","81"
Title,Album,Artist,Duration (ms),Rating,Play Count,Removed,Playlist Index
"The City","+","Ed Sheeran","234000","5","44","","333"
Title,Album,Artist,Duration (ms),Rating,Play Count,Removed,Playlist Index
"The Diary of Jane","Phobia","Breaking Benjamin","200000","5","124","","296"
Title,Album,Artist,Duration (ms),Rating,Play Count,Removed,Playlist Index
"The Feeling (feat. Halsey)","Purpose (Deluxe)","Justin Bieber","244000","5","48","","141"
Title,Album,Artist,Duration (ms),Rating,Play Count,Removed,Playlist Index
"The Mack (feat. Mark Morrison &amp; Fetty Wap)","The Mack","Nevada","167000","5","108","","210"
Title,Album,Artist,Duration (ms),Rating,Play Count,Removed,Playlist Index
"The Middle","The Middle","Zedd","184000","5","59","","124"
Title,Album,Artist,Duration (ms),Rating,Play Count,Removed,Playlist Index
"The One I Love","Three Flights From Alto Nido","Greg Laswell","155000","5","28","","357"
Title,Album,Artist,Duration (ms),Rating,Play Count,Removed,Playlist Index
"The Phoenix","Save Rock And Roll","Fall Out Boy","244974","5","140","","303"
Title,Album,Artist,Duration (ms),Rating,Play Count,Removed,Playlist Index
"The Return","YSIV","Logic","252000","5","46","","95"
Title,Album,Artist,Duration (ms),Rating,Play Count,Removed,Playlist Index
"The Riddle","Playlist: The Very Best Of Five For Fighting","Five for Fighting","226000","5","70","","280"
Title,Album,Artist,Duration (ms),Rating,Play Count,Removed,Playlist Index
"The Vision (feat. Born I Music)","The Vision (feat. Born I Music)","Skan","291000","5","70","","111"
Title,Album,Artist,Duration (ms),Rating,Play Count,Removed,Playlist Index
"These Are The Lies","Lock Me Up","The Cab","226000","5","56","","265"
Title,Album,Artist,Duration (ms),Rating,Play Count,Removed,Playlist Index
"Think Again","Think Again","The Young Professionals","199000","5","87","","214"
Title,Album,Artist,Duration (ms),Rating,Play Count,Removed,Playlist Index
"Think of You","Secondhand Rapture","MS MR","203000","5","71","","260"
Title,Album,Artist,Duration (ms),Rating,Play Count,Removed,Playlist Index
"This Is How It Feels","Hook Me Up","The Veronicas","251000","5","49","","98"
Title,Album,Artist,Duration (ms),Rating,Play Count,Removed,Playlist Index
"This Is War","This Is War","30 Seconds To Mars","327000","5","143","","319"
Title,Album,Artist,Duration (ms),Rating,Play Count,Removed,Playlist Index
"Time to Say Goodbye (ARUNA vs Rameses B Remix)","Time to Say Goodbye (ARUNA vs Rameses B Remix)","Mr FijiWiji, Direct &amp; ARUNA","326000","5","64","","114"
Title,Album,Artist,Duration (ms),Rating,Play Count,Removed,Playlist Index
"To Be Alive (feat. Aaron Richards)","Monstercat 029 - Havoc","Puppet","273000","5","46","","115"
Title,Album,Artist,Duration (ms),Rating,Play Count,Removed,Playlist Index
"To The Beat Of Our Noisy Hearts","Some Mad Hope","Matt Nathanson","181000","5","31","","364"
Title,Album,Artist,Duration (ms),Rating,Play Count,Removed,Playlist Index
"Tonight You&#39;re Perfect","A Bad Girl In Harlem","New Politics","202000","5","40","","318"
Title,Album,Artist,Duration (ms),Rating,Play Count,Removed,Playlist Index
"Tragedy","Tragedy","Always Never","216000","5","83","","101"
Title,Album,Artist,Duration (ms),Rating,Play Count,Removed,Playlist Index
"Trainwreck","The Altar","BANKS","204000","5","82","","213"
Title,Album,Artist,Duration (ms),Rating,Play Count,Removed,Playlist Index
"Tremors","Tremors","SOHN","209000","5","438","","225"
Title,Album,Artist,Duration (ms),Rating,Play Count,Removed,Playlist Index
"Tripolar","How Does It Feel","MS MR","220000","5","32","","46"
Title,Album,Artist,Duration (ms),Rating,Play Count,Removed,Playlist Index
"Trouble On Central","Trouble On Central","Buddy","186000","5","44","","136"
Title,Album,Artist,Duration (ms),Rating,Play Count,Removed,Playlist Index
"Trouble","Trouble","OFFAIAH","173000","5","106","","203"
Title,Album,Artist,Duration (ms),Rating,Play Count,Removed,Playlist Index
"Two Weeks","Veckatimest","Grizzly Bear","243000","5","72","","145"
Title,Album,Artist,Duration (ms),Rating,Play Count,Removed,Playlist Index
"Up In The Air","Love Lust Faith + Dreams","THIRTY SECONDS TO MARS","275798","5","190","","284"
Title,Album,Artist,Duration (ms),Rating,Play Count,Removed,Playlist Index
"Viva La Vida","Viva La Vida or Death and All His Friends","Coldplay","242000","5","105","","236"
Title,Album,Artist,Duration (ms),Rating,Play Count,Removed,Playlist Index
"Waiting","Someone In Control","Trapt","230000","5","154","","282"
Title,Album,Artist,Duration (ms),Rating,Play Count,Removed,Playlist Index
"Wake Me Up (Acoustic)","Lift Your Spirit","Aloe Blacc","225000","5","70","","258"
Title,Album,Artist,Duration (ms),Rating,Play Count,Removed,Playlist Index
"Waking up Slow (Piano Version)","Waking up Slow (Piano Version)","Gabrielle Aplin","221000","5","77","","178"
Title,Album,Artist,Duration (ms),Rating,Play Count,Removed,Playlist Index
"Wash Away","Hypnotic","Wilkinson","202000","5","106","","188"
Title,Album,Artist,Duration (ms),Rating,Play Count,Removed,Playlist Index
"waste","waste","lovelytheband","255000","5","36","","33"
Title,Album,Artist,Duration (ms),Rating,Play Count,Removed,Playlist Index
"Waves (Robin Schulz Radio Edit)","Waves","Mr. Probz","208000","5","781","","179"
Title,Album,Artist,Duration (ms),Rating,Play Count,Removed,Playlist Index
"We Can Glow","Glow","Royal Teeth","227000","5","58","","267"
Title,Album,Artist,Duration (ms),Rating,Play Count,Removed,Playlist Index
"We Won&#39;t Go Home","The Colourist","The Colourist","192000","5","63","","268"
Title,Album,Artist,Duration (ms),Rating,Play Count,Removed,Playlist Index
"Welcome To The Show","The Lost Get Found","Britt Nicole","202000","5","154","","249"
Title,Album,Artist,Duration (ms),Rating,Play Count,Removed,Playlist Index
"What Do You Mean?","Purpose (Deluxe)","Justin Bieber","205000","5","61","","230"
Title,Album,Artist,Duration (ms),Rating,Play Count,Removed,Playlist Index
"What The Funk (feat. Danny Shah)","What The Funk","Oliver Heldens","177000","5","60","","154"
Title,Album,Artist,Duration (ms),Rating,Play Count,Removed,Playlist Index
"Whatcha Say","Jason Derulo","Jason Derulo","221000","5","66","","183"
Title,Album,Artist,Duration (ms),Rating,Play Count,Removed,Playlist Index
"When You Were Mine (feat. Tegan &amp; Sara)","Anything To Anyone","Night Terrors Of 1927","235000","5","74","","219"
Title,Album,Artist,Duration (ms),Rating,Play Count,Removed,Playlist Index
"WHERE THE HELL ARE MY FRIENDS","kinda","LANY","217000","5","73","","193"
Title,Album,Artist,Duration (ms),Rating,Play Count,Removed,Playlist Index
"White Walls (feat. ScHoolboy Q &amp; Hollis)","The Heist","Macklemore","220000","5","37","","347"
Title,Album,Artist,Duration (ms),Rating,Play Count,Removed,Playlist Index
"Winner (feat. Celebrity Marauders, Pree &amp; Joey Montana)","Winner (feat. Celebrity Marauders, Joey Montana &amp; Pree)","Kardinal Offishall","234000","5","81","","164"
Title,Album,Artist,Duration (ms),Rating,Play Count,Removed,Playlist Index
"Without You","Dear Agony","Breaking Benjamin","256000","5","134","","297"
Title,Album,Artist,Duration (ms),Rating,Play Count,Removed,Playlist Index
"Worst","Always Never","Always Never","229000","5","104","","100"
Title,Album,Artist,Duration (ms),Rating,Play Count,Removed,Playlist Index
"Would You Ever","Would You Ever","Skrillex","234000","5","116","","185"
Title,Album,Artist,Duration (ms),Rating,Play Count,Removed,Playlist Index
"Wrestling Israel","The Circle In The Square","Flobots","268000","5","62","","300"
Title,Album,Artist,Duration (ms),Rating,Play Count,Removed,Playlist Index
"Years","Be In Love / Years","BAYNK","214000","5","14","","2"
Title,Album,Artist,Duration (ms),Rating,Play Count,Removed,Playlist Index
"You and Me","Souls","Shallou","234000","5","44","","11"
Title,Album,Artist,Duration (ms),Rating,Play Count,Removed,Playlist Index
"Young","Vallis Alps","Vallis Alps","324000","5","112","","242"
